<?xml version="1.0" encoding="UTF-8"?>
<project-private xmlns="http://www.netbeans.org/ns/project-private/1">
    <editor-bookmarks xmlns="http://www.netbeans.org/ns/editor-bookmarks/2" lastBookmarkId="0"/>
    <open-files xmlns="http://www.netbeans.org/ns/projectui-open-files/2">
        <group>
            <file>file:/C:/Users/admin/Documents/NetBeansProjects/Eventivefinal/src/Home.java</file>
            <file>file:/C:/Users/admin/Documents/NetBeansProjects/Eventivefinal/src/About.java</file>
            <file>file:/C:/Users/admin/Documents/NetBeansProjects/Eventivefinal/src/Manage_employee.java</file>
            <file>file:/C:/Users/admin/Documents/NetBeansProjects/Eventivefinal/src/progress.java</file>
            <file>file:/C:/Users/admin/Documents/NetBeansProjects/Eventivefinal/src/Event.java</file>
            <file>file:/C:/Users/admin/Documents/NetBeansProjects/Eventivefinal/src/Appointment.java</file>
            <file>file:/C:/Users/admin/Documents/NetBeansProjects/Eventivefinal/src/CreateEvent.java</file>
        </group>
    </open-files>
</project-private>
